{
  "Total" : {
    "transaction" : "Total",
    "sampleCount" : 1712,
    "errorCount" : 0,
    "errorPct" : 0.0,
    "meanResTime" : 258.64719626168215,
    "medianResTime" : 259.0,
    "minResTime" : 238.0,
    "maxResTime" : 322.0,
    "pct1ResTime" : 270.0,
    "pct2ResTime" : 274.0,
    "pct3ResTime" : 282.0,
    "throughput" : 4.083355793380289,
    "receivedKBytesPerSec" : 9.28099482753069,
    "sentKBytesPerSec" : 0.5405178625946006
  },
  "Evoluciones" : {
    "transaction" : "Evoluciones",
    "sampleCount" : 1712,
    "errorCount" : 0,
    "errorPct" : 0.0,
    "meanResTime" : 258.64719626168215,
    "medianResTime" : 259.0,
    "minResTime" : 238.0,
    "maxResTime" : 322.0,
    "pct1ResTime" : 270.0,
    "pct2ResTime" : 274.0,
    "pct3ResTime" : 282.0,
    "throughput" : 4.083355793380289,
    "receivedKBytesPerSec" : 9.28099482753069,
    "sentKBytesPerSec" : 0.5405178625946006
  }
}