{
  "Get all users" : {
    "transaction" : "Get all users",
    "sampleCount" : 1284,
    "errorCount" : 0,
    "errorPct" : 0.0,
    "meanResTime" : 562.0327102803739,
    "medianResTime" : 561.0,
    "minResTime" : 447.0,
    "maxResTime" : 812.0,
    "pct1ResTime" : 573.0,
    "pct2ResTime" : 577.0,
    "pct3ResTime" : 595.0,
    "throughput" : 2.1416419254761982,
    "receivedKBytesPerSec" : 88.94924911181907,
    "sentKBytesPerSec" : 0.24888221594889418
  },
  "Debug Sampler" : {
    "transaction" : "Debug Sampler",
    "sampleCount" : 1273,
    "errorCount" : 0,
    "errorPct" : 0.0,
    "meanResTime" : 0.10997643362136696,
    "medianResTime" : 0.0,
    "minResTime" : 0.0,
    "maxResTime" : 2.0,
    "pct1ResTime" : 1.0,
    "pct2ResTime" : 1.0,
    "pct3ResTime" : 1.0,
    "throughput" : 2.1406326721418436,
    "receivedKBytesPerSec" : 1.494451780273221,
    "sentKBytesPerSec" : 0.0
  },
  "Total" : {
    "transaction" : "Total",
    "sampleCount" : 5111,
    "errorCount" : 15,
    "errorPct" : 0.29348463,
    "meanResTime" : 254.70142829191977,
    "medianResTime" : 326.0,
    "minResTime" : 0.0,
    "maxResTime" : 812.0,
    "pct1ResTime" : 563.0,
    "pct2ResTime" : 568.0,
    "pct3ResTime" : 578.0,
    "throughput" : 8.52486906628415,
    "receivedKBytesPerSec" : 99.96384272212863,
    "sentKBytesPerSec" : 1.8384700405727725
  },
  "Get current authenticated user" : {
    "transaction" : "Get current authenticated user",
    "sampleCount" : 1279,
    "errorCount" : 15,
    "errorPct" : 1.1727912,
    "meanResTime" : 114.1931196247069,
    "medianResTime" : 112.0,
    "minResTime" : 109.0,
    "maxResTime" : 353.0,
    "pct1ResTime" : 119.0,
    "pct2ResTime" : 122.0,
    "pct3ResTime" : 129.0,
    "throughput" : 2.141395741318055,
    "receivedKBytesPerSec" : 4.3111184235585345,
    "sentKBytesPerSec" : 1.0471206996286462
  },
  "Login user and get tokens" : {
    "transaction" : "Login user and get tokens",
    "sampleCount" : 1275,
    "errorCount" : 0,
    "errorPct" : 0.0,
    "meanResTime" : 340.3419607843137,
    "medianResTime" : 339.0,
    "minResTime" : 325.0,
    "maxResTime" : 498.0,
    "pct1ResTime" : 348.0,
    "pct2ResTime" : 352.0,
    "pct3ResTime" : 362.0,
    "throughput" : 2.1378950704331627,
    "receivedKBytesPerSec" : 5.26516429147223,
    "sentKBytesPerSec" : 0.5493191694990284
  }
}